Datetime,Open,High,Low,Close,Adj Close,Volume,VWAP
2022-08-02 09:30:00-04:00,114.0,114.31999969482422,113.76000213623048,114.0,114.0,813182,114.02666727701825
2022-08-02 09:31:00-04:00,114.04000091552734,114.5500030517578,113.88999938964844,114.5500030517578,114.5500030517578,89140,114.05663356637704
2022-08-02 09:32:00-04:00,114.5199966430664,114.66000366210938,114.08000183105467,114.38500213623048,114.38500213623048,78340,114.08206641239224
2022-08-02 09:33:00-04:00,114.41999816894533,114.8000030517578,114.4000015258789,114.8000030517578,114.8000030517578,81774,114.45459760088575
2022-08-02 09:34:00-04:00,114.66999816894533,114.83999633789062,114.5500030517578,114.83999633789062,114.83999633789062,77360,114.59542545156565
2022-08-02 09:35:00-04:00,114.5,114.61990356445312,114.5,114.61990356445312,114.61990356445312,78124,114.66310624651534
2022-08-02 09:36:00-04:00,114.625,114.72000122070312,114.44000244140624,114.72000122070312,114.72000122070312,78343,114.6496517855156
2022-08-02 09:37:00-04:00,114.75,114.82990264892578,114.58000183105467,114.58000183105467,114.58000183105467,112317,114.62839333418827
2022-08-02 09:38:00-04:00,114.5,114.73999786376952,114.41999816894533,114.58989715576172,114.58989715576172,74603,114.62998208219845
2022-08-02 09:39:00-04:00,114.5,114.83999633789062,114.5,114.83000183105467,114.83000183105467,153721,114.67287053643463
2022-08-02 09:40:00-04:00,114.75,114.95999908447266,114.72010040283205,114.8550033569336,114.8550033569336,82451,114.72200502472704
2022-08-02 09:41:00-04:00,115.0,115.08989715576172,114.98999786376952,115.06999969482422,115.06999969482422,99923,114.85029826158404
2022-08-02 09:42:00-04:00,115.0,115.05999755859376,114.70999908447266,114.7300033569336,114.7300033569336,95418,114.91472959882795
2022-08-02 09:43:00-04:00,114.5,114.5,114.49009704589844,114.49009704589844,114.49009704589844,56105,114.84357173980735
2022-08-02 09:44:00-04:00,114.6875,114.6875,114.5,114.54750061035156,114.54750061035156,50696,114.67509132914093
2022-08-02 09:45:00-04:00,114.71690368652344,114.75,114.5999984741211,114.6449966430664,114.6449966430664,90294,114.5938590858452
2022-08-02 09:46:00-04:00,114.75,114.8499984741211,114.75,114.80999755859376,114.80999755859376,65434,114.68756436664079
2022-08-02 09:47:00-04:00,115.0,115.0,114.84500122070312,114.90499877929688,114.90499877929688,64997,114.78011631293236
2022-08-02 09:48:00-04:00,114.90239715576172,114.90239715576172,114.88009643554688,114.88009643554688,114.88009643554688,47798,114.86724365564959
2022-08-02 09:49:00-04:00,114.75,114.87999725341795,114.68000030517578,114.7300033569336,114.7300033569336,443794,114.79190503489959
2022-08-02 09:50:00-04:00,114.83989715576172,114.86990356445312,114.55999755859376,114.63500213623048,114.63500213623048,60510,114.76586237122129
2022-08-02 09:51:00-04:00,114.5,114.62000274658205,114.5,114.62000274658205,114.62000274658205,47686,114.73927055711845
2022-08-02 09:52:00-04:00,114.41999816894533,114.41999816894533,114.302001953125,114.33499908447266,114.33499908447266,42174,114.55972840926306
2022-08-02 09:53:00-04:00,114.25,114.29000091552734,114.1500015258789,114.29000091552734,114.29000091552734,74678,114.36884484065055
2022-08-02 09:54:00-04:00,114.25,114.25,114.25,114.25,114.25,61546,114.27140172577768
2022-08-02 09:55:00-04:00,114.25,114.30879974365234,114.22000122070312,114.29000091552734,114.29000091552734,54263,114.25391992996407
2022-08-02 09:56:00-04:00,114.25,114.2699966430664,114.25,114.2699966430664,114.2699966430664,71120,114.26172944258315
2022-08-02 09:57:00-04:00,114.41999816894533,114.51000213623048,114.41000366210938,114.41000366210938,114.41000366210938,58576,114.32348078117614
2022-08-02 09:58:00-04:00,114.5,114.5,114.25499725341795,114.4000015258789,114.4000015258789,128674,114.36473438556115
2022-08-02 09:59:00-04:00,114.41200256347656,114.4800033569336,114.3499984741211,114.45999908447266,114.45999908447266,72081,114.4106842903145
2022-08-02 10:00:00-04:00,114.41999816894533,114.43499755859376,114.16210174560548,114.18000030517578,114.18000030517578,125671,114.34644069807464
2022-08-02 10:01:00-04:00,114.18000030517578,114.3499984741211,114.08000183105467,114.18000030517578,114.18000030517578,79828,114.2874109202453
2022-08-02 10:02:00-04:00,114.16999816894533,114.19000244140624,113.87000274658205,114.0500030517578,114.0500030517578,86947,114.17771816580856
2022-08-02 10:03:00-04:00,114.05500030517578,114.1999969482422,113.9800033569336,114.08999633789062,114.08999633789062,100240,114.1065164611793
2022-08-02 10:04:00-04:00,114.0999984741211,114.1999969482422,113.95999908447266,114.0,114.0,61558,114.06228384584489
2022-08-02 10:05:00-04:00,114.0199966430664,114.18000030517578,114.0,114.11000061035156,114.11000061035156,91861,114.08351536693505
2022-08-02 10:06:00-04:00,114.09500122070312,114.22000122070312,114.05999755859376,114.1510009765625,114.1510009765625,49159,114.09490390019553
2022-08-02 10:07:00-04:00,114.13999938964844,114.18000030517578,113.8499984741211,114.06009674072266,114.06009674072266,73024,114.08472779172114
2022-08-02 10:08:00-04:00,114.0500030517578,114.1250991821289,113.95999908447266,114.0,114.0,39491,114.06417702268882
2022-08-02 10:09:00-04:00,113.9800033569336,114.01000213623048,113.8499984741211,113.89009857177734,113.89009857177734,50783,113.99438457639071
2022-08-02 10:10:00-04:00,113.91500091552734,114.00399780273438,113.72000122070312,113.9000015258789,113.9000015258789,131225,113.91170671123645
2022-08-02 10:11:00-04:00,113.87999725341795,114.0999984741211,113.8687973022461,114.01000213623048,114.01000213623048,50463,113.90952109856504
2022-08-02 10:12:00-04:00,113.9800033569336,114.12999725341795,113.83000183105467,114.0500030517578,114.0500030517578,84541,113.93794207461315
2022-08-02 10:13:00-04:00,114.0500030517578,114.0999984741211,113.93000030517578,113.94339752197266,113.94339752197266,45501,113.99735034997472
2022-08-02 10:14:00-04:00,113.94010162353516,114.16000366210938,113.94010162353516,114.16000366210938,114.16000366210938,54693,114.02501102368736
2022-08-02 10:15:00-04:00,114.16000366210938,114.37000274658205,114.08000183105467,114.2780990600586,114.2780990600586,69827,114.1251942142303
2022-08-02 10:16:00-04:00,114.29000091552734,114.30999755859376,114.1999969482422,114.26000213623048,114.26000213623048,49666,114.1977007043494
2022-08-02 10:17:00-04:00,114.26499938964844,114.33999633789062,114.1999969482422,114.23999786376952,114.23999786376952,41123,114.25144759766846
2022-08-02 10:18:00-04:00,114.25,114.31999969482422,114.12999725341795,114.22000122070312,114.22000122070312,92620,114.24057972389524
2022-08-02 10:19:00-04:00,114.20999908447266,114.3000030517578,114.1500015258789,114.3000030517578,114.3000030517578,39939,114.23814665341554
2022-08-02 10:20:00-04:00,114.29000091552734,114.47899627685548,114.2699966430664,114.44010162353516,114.44010162353516,53120,114.27857123901387
2022-08-02 10:21:00-04:00,114.41999816894533,114.43990325927734,114.27999877929688,114.36000061035156,114.36000061035156,30615,114.34008893396003
2022-08-02 10:22:00-04:00,114.37000274658205,114.41000366210938,114.2300033569336,114.25,114.25,37469,114.35635126107458
2022-08-02 10:23:00-04:00,114.26000213623048,114.31999969482422,114.1500015258789,114.1999969482422,114.1999969482422,32629,114.29215117163932
2022-08-02 10:24:00-04:00,114.19000244140624,114.19000244140624,113.9499969482422,114.05500030517578,114.05500030517578,61937,114.16987096691379
2022-08-02 10:25:00-04:00,114.06999969482422,114.1500015258789,113.98999786376952,114.06999969482422,114.06999969482422,28386,114.10817256697656
2022-08-02 10:26:00-04:00,114.08000183105467,114.16999816894533,114.0,114.12999725341795,114.12999725341795,52412,114.07884562344461
2022-08-02 10:27:00-04:00,114.16000366210938,114.33999633789062,114.12000274658205,114.33999633789062,114.33999633789062,60829,114.16556945506085
2022-08-02 10:28:00-04:00,114.33000183105467,114.5500030517578,114.33000183105467,114.5,114.5,57047,114.28013604437515
2022-08-02 10:29:00-04:00,114.48999786376952,114.56999969482422,114.47000122070312,114.56999969482422,114.56999969482422,31937,114.39784408916351
2022-08-02 10:30:00-04:00,114.56999969482422,114.72000122070312,114.36000061035156,114.41999816894533,114.41999816894533,61318,114.49260983008129
2022-08-02 10:31:00-04:00,114.4000015258789,114.5250015258789,114.27999877929688,114.41000366210938,114.41000366210938,40019,114.48026079920467
2022-08-02 10:32:00-04:00,114.3843002319336,114.63500213623048,114.3843002319336,114.5,114.5,37753,114.47441336801619
2022-08-02 10:33:00-04:00,114.48999786376952,114.48999786376952,114.37000274658205,114.38999938964844,114.38999938964844,20395,114.4464338527615
2022-08-02 10:34:00-04:00,114.4000015258789,114.4000015258789,114.2699966430664,114.30999755859376,114.30999755859376,16882,114.44158452253608
2022-08-02 10:35:00-04:00,114.33000183105467,114.41999816894533,114.2699966430664,114.3000030517578,114.3000030517578,38687,114.35252700940794
2022-08-02 10:36:00-04:00,114.3000030517578,114.4800033569336,114.20999908447266,114.3949966430664,114.3949966430664,57449,114.3455981868135
2022-08-02 10:37:00-04:00,114.4000015258789,114.51000213623048,114.37000274658205,114.4000015258789,114.4000015258789,34791,114.36958219141029
2022-08-02 10:38:00-04:00,114.4000015258789,114.47000122070312,114.36000061035156,114.41500091552734,114.41500091552734,23187,114.39197268707692
2022-08-02 10:39:00-04:00,114.4800033569336,114.54000091552734,114.4301986694336,114.45999908447266,114.45999908447266,27382,114.43955905036019
2022-08-02 10:40:00-04:00,114.48999786376952,114.58999633789062,114.37000274658205,114.38999938964844,114.38999938964844,72717,114.44935466501771
2022-08-02 10:41:00-04:00,114.4000015258789,114.48999786376952,114.31999969482422,114.4000015258789,114.4000015258789,77861,114.4336953579929
2022-08-02 10:42:00-04:00,114.41000366210938,114.5,114.4000015258789,114.48999786376952,114.48999786376952,43255,114.43422946790632
2022-08-02 10:43:00-04:00,114.48999786376952,114.69000244140624,114.48999786376952,114.58000183105467,114.58000183105467,42321,114.46668586412054
2022-08-02 10:44:00-04:00,114.62950134277344,114.72000122070312,114.56999969482422,114.70999908447266,114.70999908447266,38617,114.56858672659136
2022-08-02 10:45:00-04:00,114.72000122070312,114.7699966430664,114.52999877929688,114.59500122070312,114.59500122070312,56311,114.62763834678857
2022-08-02 10:46:00-04:00,114.59500122070312,114.8499984741211,114.58000183105467,114.81500244140624,114.81500244140624,37715,114.67502854668818
2022-08-02 10:47:00-04:00,114.80999755859376,114.91999816894533,114.8000030517578,114.8249969482422,114.8249969482422,50533,114.73784366481597
2022-08-02 10:48:00-04:00,114.83999633789062,114.93000030517578,114.77999877929688,114.9000015258789,114.9000015258789,45361,114.82746149522073
2022-08-02 10:49:00-04:00,114.9000015258789,114.9800033569336,114.87999725341795,114.9499969482422,114.9499969482422,42260,114.88246721529036
2022-08-02 10:50:00-04:00,114.94000244140624,115.04540252685548,114.88999938964844,115.0199966430664,115.0199966430664,55897,114.934471977491
2022-08-02 10:51:00-04:00,115.02330017089844,115.0500030517578,114.97000122070312,115.0,115.0,53353,114.97919762844941
2022-08-02 10:52:00-04:00,115.01000213623048,115.1999969482422,114.98999786376952,115.16999816894533,115.16999816894533,64379,115.04175606101514
2022-08-02 10:53:00-04:00,115.16000366210938,115.30999755859376,115.12999725341795,115.23500061035156,115.23500061035156,56914,115.11959423736788
2022-08-02 10:54:00-04:00,115.26000213623048,115.36000061035156,115.20999908447266,115.2300033569336,115.2300033569336,62166,115.20227165616481
2022-08-02 10:55:00-04:00,115.20999908447266,115.2300033569336,114.97000122070312,114.98999786376952,114.98999786376952,71378,115.17801242871865
2022-08-02 10:56:00-04:00,114.98999786376952,115.01499938964844,114.83999633789062,114.9000015258789,114.9000015258789,54979,115.08809708094675
2022-08-02 10:57:00-04:00,114.90899658203124,115.01000213623048,114.8499984741211,114.98999786376952,114.98999786376952,42489,114.98759929842446
2022-08-02 10:58:00-04:00,114.95999908447266,115.04000091552734,114.87000274658205,115.04000091552734,115.04000091552734,22909,114.94188046451761
2022-08-02 10:59:00-04:00,115.0115966796875,115.11000061035156,115.0,115.11000061035156,115.11000061035156,29767,114.99660244968462
2022-08-02 11:00:00-04:00,115.11000061035156,115.21029663085938,115.01000213623048,115.0500030517578,115.0500030517578,60403,115.06405690408073
2022-08-02 11:01:00-04:00,115.05999755859376,115.12000274658205,114.96499633789062,115.10240173339844,115.10240173339844,30747,115.0789462470059
2022-08-02 11:02:00-04:00,115.11000061035156,115.12999725341795,115.0,115.01000213623048,115.01000213623048,17238,115.07535386201955
2022-08-02 11:03:00-04:00,114.98999786376952,115.04000091552734,114.9000015258789,114.91000366210938,114.91000366210938,23378,115.02180758989888
2022-08-02 11:04:00-04:00,114.88999938964844,115.04000091552734,114.87000274658205,115.01000213623048,115.01000213623048,30743,114.98340545890096
2022-08-02 11:05:00-04:00,115.04000091552734,115.06999969482422,114.91000366210938,114.91000366210938,114.91000366210938,26600,114.96328244881722
2022-08-02 11:06:00-04:00,114.91000366210938,114.97329711914062,114.87000274658205,114.95999908447266,114.95999908447266,27976,114.95746166893504
2022-08-02 11:07:00-04:00,114.94499969482422,114.9499969482422,114.81999969482422,114.83999633789062,114.83999633789062,32730,114.91908287480801
2022-08-02 11:08:00-04:00,114.83999633789062,114.90769958496094,114.80750274658205,114.88999938964844,114.88999938964844,26368,114.8902164468605
2022-08-02 11:09:00-04:00,114.9000015258789,114.93000030517578,114.83000183105467,114.87000274658205,114.87000274658205,27865,114.8716508373703
2022-08-02 11:10:00-04:00,114.86499786376952,114.87000274658205,114.62999725341795,114.6999969482422,114.6999969482422,44144,114.81013417881275
2022-08-02 11:11:00-04:00,114.70999908447266,114.83999633789062,114.6999969482422,114.8000030517578,114.8000030517578,33546,114.7860018268318
2022-08-02 11:12:00-04:00,114.8000030517578,114.8499984741211,114.72000122070312,114.75309753417967,114.75309753417967,27566,114.75895176410796
2022-08-02 11:13:00-04:00,114.75499725341795,114.7699966430664,114.66999816894533,114.71499633789062,114.71499633789062,45781,114.75213426884616
2022-08-02 11:14:00-04:00,114.6999969482422,114.75,114.58999633789062,114.61000061035156,114.61000061035156,74392,114.69437842190635
2022-08-02 11:15:00-04:00,114.61000061035156,114.6999969482422,114.5999984741211,114.62000274658205,114.62000274658205,56137,114.66455818353549
2022-08-02 11:16:00-04:00,114.5999984741211,114.62999725341795,114.51000213623048,114.5199966430664,114.5199966430664,32705,114.62719221165871
2022-08-02 11:17:00-04:00,114.54000091552734,114.63999938964844,114.5,114.62999725341795,114.62999725341795,47138,114.60182185914823
2022-08-02 11:18:00-04:00,114.63999938964844,114.6999969482422,114.58000183105467,114.62999725341795,114.62999725341795,36221,114.59423030486573
2022-08-02 11:19:00-04:00,114.63999938964844,114.69000244140624,114.54000091552734,114.55999755859376,114.55999755859376,35322,114.60622587833528
2022-08-02 11:20:00-04:00,114.56600189208984,114.5999984741211,114.41999816894533,114.47000122070312,114.47000122070312,81027,114.55305419489834
2022-08-02 11:21:00-04:00,114.48999786376952,114.58000183105467,114.43000030517578,114.58000183105467,114.58000183105467,41560,114.52780828225184
2022-08-02 11:22:00-04:00,114.5500030517578,114.58000183105467,114.45999908447266,114.5,114.5,43841,114.50938103749709
2022-08-02 11:23:00-04:00,114.51000213623048,114.68000030517578,114.51000213623048,114.63999938964844,114.63999938964844,30119,114.54453361659621
2022-08-02 11:24:00-04:00,114.6449966430664,114.77999877929688,114.6449966430664,114.76000213623048,114.76000213623048,23884,114.59557215900365
2022-08-02 11:25:00-04:00,114.76000213623048,114.87999725341795,114.7300033569336,114.87999725341795,114.87999725341795,28814,114.72066969054535
2022-08-02 11:26:00-04:00,114.87999725341795,114.94000244140624,114.83999633789062,114.93000030517578,114.93000030517578,27347,114.82471786744632
2022-08-02 11:27:00-04:00,114.91999816894533,114.95999908447266,114.79000091552734,114.83999633789062,114.83999633789062,29493,114.86489016042519
2022-08-02 11:28:00-04:00,114.83000183105467,114.87999725341795,114.79000091552734,114.83999633789062,114.83999633789062,15900,114.87254156179641
2022-08-02 11:29:00-04:00,114.83000183105467,114.91999816894533,114.80999755859376,114.87999725341795,114.87999725341795,23243,114.85941168632849
2022-08-02 11:30:00-04:00,114.87999725341795,114.93000030517578,114.68000030517578,114.70999908447266,114.70999908447266,34047,114.81778935703784
2022-08-02 11:31:00-04:00,114.71119689941406,114.71119689941406,114.56999969482422,114.5999984741211,114.5999984741211,52783,114.72360529151658
2022-08-02 11:32:00-04:00,114.62999725341795,114.73999786376952,114.61000061035156,114.63999938964844,114.63999938964844,21771,114.68019138066579
2022-08-02 11:33:00-04:00,114.63999938964844,114.7699966430664,114.62999725341795,114.72000122070312,114.72000122070312,19746,114.65210599635687
2022-08-02 11:34:00-04:00,114.75,114.87000274658205,114.73500061035156,114.86000061035156,114.86000061035156,25663,114.73655385476128
2022-08-02 11:35:00-04:00,114.8499984741211,115.0199966430664,114.8499984741211,114.97000122070312,114.97000122070312,49752,114.86315583834833
2022-08-02 11:36:00-04:00,114.9749984741211,115.05999755859376,114.91000366210938,115.05500030517578,115.05500030517578,26848,114.9314875552318
2022-08-02 11:37:00-04:00,115.0,115.08999633789062,114.95999908447266,115.08999633789062,115.08999633789062,27843,114.9891760078075
2022-08-02 11:38:00-04:00,115.08999633789062,115.12000274658205,115.04299926757812,115.08000183105467,115.08000183105467,31568,115.04730009596419
2022-08-02 11:39:00-04:00,115.0731964111328,115.0731964111328,115.0,115.0500030517578,115.0500030517578,24902,115.057867110218
2022-08-02 11:40:00-04:00,115.02999877929688,115.02999877929688,114.9499969482422,114.97000122070312,114.97000122070312,20599,115.04199287023111
2022-08-02 11:41:00-04:00,114.9800033569336,115.08000183105467,114.97000122070312,115.08000183105467,115.08000183105467,31691,115.02659120506009
2022-08-02 11:42:00-04:00,115.08000183105467,115.19000244140624,115.0500030517578,115.0500030517578,115.0500030517578,52354,115.0582071252339
2022-08-02 11:43:00-04:00,115.06999969482422,115.12999725341795,115.02999877929688,115.12000274658205,115.12000274658205,40012,115.0819687811767
2022-08-02 11:44:00-04:00,115.12999725341795,115.1500015258789,115.0500030517578,115.08499908447266,115.08499908447266,36882,115.09516052752336
2022-08-02 11:45:00-04:00,115.06999969482422,115.12999725341795,115.0500030517578,115.12000274658205,115.12000274658205,27793,115.09569096780781
2022-08-02 11:46:00-04:00,115.12999725341795,115.16999816894533,115.08000183105467,115.08000183105467,115.08000183105467,28382,115.10106924376979
2022-08-02 11:47:00-04:00,115.07980346679688,115.12000274658205,115.01000213623048,115.0426025390625,115.0426025390625,24463,115.09063796286229
2022-08-02 11:48:00-04:00,115.04000091552734,115.12999725341795,115.04000091552734,115.09500122070312,115.09500122070312,18243,115.08638584663008
2022-08-02 11:49:00-04:00,115.0999984741211,115.20999908447266,115.09020233154295,115.20999908447266,115.20999908447266,33765,115.11456978953115
2022-08-02 11:50:00-04:00,115.21499633789062,115.21549987792967,115.10330200195312,115.12989807128906,115.12989807128906,21735,115.14380482307068
2022-08-02 11:51:00-04:00,115.12000274658205,115.18000030517578,115.0999984741211,115.13999938964844,115.13999938964844,22625,115.15565598681657
2022-08-02 11:52:00-04:00,115.16000366210938,115.1999969482422,115.13999938964844,115.1999969482422,115.1999969482422,18254,115.15498125795197
2022-08-02 11:53:00-04:00,115.1999969482422,115.25,115.18000030517578,115.1999969482422,115.1999969482422,27872,115.17899753925887
2022-08-02 11:54:00-04:00,115.1999969482422,115.25,115.1999969482422,115.21330261230467,115.21330261230467,33240,115.20774806291925
2022-08-02 11:55:00-04:00,115.22000122070312,115.2300033569336,115.16999816894533,115.20999908447266,115.20999908447266,14812,115.21355868974419
2022-08-02 11:56:00-04:00,115.22000122070312,115.27999877929688,115.1500015258789,115.27999877929688,115.27999877929688,22639,115.22236246814316
2022-08-02 11:57:00-04:00,115.27999877929688,115.33000183105467,115.2699966430664,115.31999969482422,115.31999969482422,25421,115.25711642578946
2022-08-02 11:58:00-04:00,115.3000030517578,115.30359649658205,115.11000061035156,115.18000030517578,115.18000030517578,39180,115.23963812216348
2022-08-02 11:59:00-04:00,115.1500015258789,115.2300033569336,115.11000061035156,115.1999969482422,115.1999969482422,25889,115.22331934932528
2022-08-02 12:00:00-04:00,115.1999969482422,115.3000030517578,115.08999633789062,115.08999633789062,115.08999633789062,36994,115.17960864777359
2022-08-02 12:01:00-04:00,115.1050033569336,115.29219818115234,115.09709930419922,115.2699966430664,115.2699966430664,25550,115.18312172540335
2022-08-02 12:02:00-04:00,115.27999877929688,115.4499969482422,115.25,115.44000244140624,115.44000244140624,43313,115.26444077226682
2022-08-02 12:03:00-04:00,115.4499969482422,115.51000213623048,115.43000030517578,115.44000244140624,115.44000244140624,35192,115.36771223673666
2022-08-02 12:04:00-04:00,115.44000244140624,115.48999786376952,115.41500091552734,115.4499969482422,115.4499969482422,28831,115.42547951361611
2022-08-02 12:05:00-04:00,115.44339752197266,115.44339752197266,115.38999938964844,115.43000030517578,115.43000030517578,17840,115.44859509181728
2022-08-02 12:06:00-04:00,115.41999816894533,115.48999786376952,115.41000366210938,115.45999908447266,115.45999908447266,32201,115.44544015545145
2022-08-02 12:07:00-04:00,115.4499969482422,115.4800033569336,115.4000015258789,115.41000366210938,115.41000366210938,26380,115.43776279389465
2022-08-02 12:08:00-04:00,115.40499877929688,115.4800033569336,115.38999938964844,115.47000122070312,115.47000122070312,15599,115.4436349732843
2022-08-02 12:09:00-04:00,115.45999908447266,115.47720336914062,115.41999816894533,115.4564971923828,115.4564971923828,19774,115.4410106175519
2022-08-02 12:10:00-04:00,115.4499969482422,115.48999786376952,115.38999938964844,115.4800033569336,115.4800033569336,23730,115.45087150153489
2022-08-02 12:11:00-04:00,115.47000122070312,115.48999786376952,115.41999816894533,115.45999908447266,115.45999908447266,22546,115.45384185259692
2022-08-02 12:12:00-04:00,115.47000122070312,115.52999877929688,115.47000122070312,115.5199966430664,115.5199966430664,32882,115.4764363846699
2022-08-02 12:13:00-04:00,115.52890014648438,115.5999984741211,115.49539947509766,115.5999984741211,115.5999984741211,27936,115.51273544940213
2022-08-02 12:14:00-04:00,115.61000061035156,115.62999725341795,115.58000183105467,115.62999725341795,115.62999725341795,27022,115.55807341052767
2022-08-02 12:15:00-04:00,115.62000274658205,115.6999969482422,115.5999984741211,115.66999816894533,115.66999816894533,51362,115.62160078493145
2022-08-02 12:16:00-04:00,115.66999816894533,115.7249984741211,115.66000366210938,115.72000122070312,115.72000122070312,45540,115.66375371129097
2022-08-02 12:17:00-04:00,115.72000122070312,115.84040069580078,115.6500015258789,115.83000183105467,115.83000183105467,52546,115.7114461553329
2022-08-02 12:18:00-04:00,115.83999633789062,115.91000366210938,115.8000030517578,115.9000015258789,115.9000015258789,49269,115.78355513373332
2022-08-02 12:19:00-04:00,115.8927993774414,115.94000244140624,115.80999755859376,115.91999816894533,115.91999816894533,39400,115.8396614504491
2022-08-02 12:20:00-04:00,115.91999816894533,116.0199966430664,115.8499984741211,115.98500061035156,115.98500061035156,82323,115.91392625990052
2022-08-02 12:21:00-04:00,115.98999786376952,116.0999984741211,115.93000030517578,116.0999984741211,116.0999984741211,62187,115.96945042019281
2022-08-02 12:22:00-04:00,116.11000061035156,116.11000061035156,116.01000213623048,116.06500244140624,116.06500244140624,52274,116.00985499104506
2022-08-02 12:23:00-04:00,116.05999755859376,116.05999755859376,115.97000122070312,116.01909637451172,116.01909637451172,26762,116.04500915786018
2022-08-02 12:24:00-04:00,116.0,116.02999877929688,115.97000122070312,116.01499938964844,116.01499938964844,35060,116.03362876964496
2022-08-02 12:25:00-04:00,116.0199966430664,116.05999755859376,115.93000030517578,115.93280029296876,115.93280029296876,48517,115.99424247479074
2022-08-02 12:26:00-04:00,115.94000244140624,116.02960205078124,115.93000030517578,115.9800033569336,115.9800033569336,33829,115.98505811296684
2022-08-02 12:27:00-04:00,115.98999786376952,116.01000213623048,115.91999816894533,116.0,116.0,25557,115.97659112854836
2022-08-02 12:28:00-04:00,116.0199966430664,116.05999755859376,116.0,116.02999877929688,116.02999877929688,38115,115.99862616752475
2022-08-02 12:29:00-04:00,116.02999877929688,116.08000183105467,116.0,116.02870178222656,116.02870178222656,34556,116.01831653662452
2022-08-02 12:30:00-04:00,116.04000091552734,116.0999984741211,116.03800201416016,116.07250213623048,116.07250213623048,54109,116.04884224375293
2022-08-02 12:31:00-04:00,116.08000183105467,116.08999633789062,116.01000213623048,116.05999755859376,116.05999755859376,39914,116.05582179106507
2022-08-02 12:32:00-04:00,116.06999969482422,116.08999633789062,116.04000091552734,116.08000183105467,116.08000183105467,32536,116.06481482515908
2022-08-02 12:33:00-04:00,116.06999969482422,116.07379913330078,116.01000213623048,116.02999877929688,116.02999877929688,28785,116.05431042053222
2022-08-02 12:34:00-04:00,116.02999877929688,116.12999725341795,116.0199966430664,116.12999725341795,116.12999725341795,40786,116.07027916355023
2022-08-02 12:35:00-04:00,116.12999725341795,116.1500015258789,116.04000091552734,116.06999969482422,116.06999969482422,59704,116.07791818729315
2022-08-02 12:36:00-04:00,116.0749969482422,116.0999984741211,116.04000091552734,116.06999969482422,116.06999969482422,44001,116.0834724568712
2022-08-02 12:37:00-04:00,116.06999969482422,116.0999984741211,116.02999877929688,116.0500030517578,116.0500030517578,50296,116.07319569917628
2022-08-02 12:38:00-04:00,116.04000091552734,116.15399932861328,115.9800033569336,116.08999633789062,116.08999633789062,66427,116.06879920068963
2022-08-02 12:39:00-04:00,116.10590362548828,116.25990295410156,116.09500122070312,116.2300033569336,116.2300033569336,36922,116.09877495604776
2022-08-02 12:40:00-04:00,116.22000122070312,116.29000091552734,116.1999969482422,116.2300033569336,116.2300033569336,40928,116.15235449627615
2022-08-02 12:41:00-04:00,116.2300033569336,116.33999633789062,116.19010162353516,116.2782974243164,116.2782974243164,51943,116.23898219310601
2022-08-02 12:42:00-04:00,116.2699966430664,116.31999969482422,116.23999786376952,116.2500991821289,116.2500991821289,26220,116.25946384984123
2022-08-02 12:43:00-04:00,116.26000213623048,116.33999633789062,116.23999786376952,116.33989715576172,116.33989715576172,27128,116.27918192060585
2022-08-02 12:44:00-04:00,116.33999633789062,116.3499984741211,116.2699966430664,116.33000183105467,116.33000183105467,20744,116.29648853668527
2022-08-02 12:45:00-04:00,116.33000183105467,116.33000183105467,116.16999816894533,116.1885986328125,116.1885986328125,39083,116.27437199242796
2022-08-02 12:46:00-04:00,116.19000244140624,116.29000091552734,116.1769027709961,116.23999786376952,116.23999786376952,28058,116.25204710989249
2022-08-02 12:47:00-04:00,116.2300033569336,116.2699966430664,116.1999969482422,116.22000122070312,116.22000122070312,28337,116.23146388715148
2022-08-02 12:48:00-04:00,116.22000122070312,116.3000030517578,116.22000122070312,116.28350067138672,116.28350067138672,20299,116.24207444972355
2022-08-02 12:49:00-04:00,116.3000030517578,116.3499984741211,116.3000030517578,116.33999633789062,116.33999633789062,43886,116.28573303680047
2022-08-02 12:50:00-04:00,116.33999633789062,116.33999633789062,116.26000213623048,116.2979965209961,116.2979965209961,28629,116.30694396613941
2022-08-02 12:51:00-04:00,116.29000091552734,116.33000183105467,116.25,116.27400207519533,116.27400207519533,27041,116.30886758739985
2022-08-02 12:52:00-04:00,116.27999877929688,116.30999755859376,116.2300033569336,116.3000030517578,116.3000030517578,23597,116.28857486705346
2022-08-02 12:53:00-04:00,116.31990051269533,116.33000183105467,116.27999877929688,116.31500244140624,116.31500244140624,16705,116.2889034209177
2022-08-02 12:54:00-04:00,116.31999969482422,116.3499984741211,116.26000213623048,116.3000030517578,116.3000030517578,32318,116.29690281808375
2022-08-02 12:55:00-04:00,116.3000030517578,116.31999969482422,116.23999786376952,116.26000213623048,116.26000213623048,37960,116.2912019695313
2022-08-02 12:56:00-04:00,116.26000213623048,116.27400207519533,116.1999969482422,116.25499725341795,116.25499725341795,32910,116.2730548585718
2022-08-02 12:57:00-04:00,116.25340270996094,116.29989624023438,116.16999816894533,116.2300033569336,116.2300033569336,26108,116.25226129213004
2022-08-02 12:58:00-04:00,116.23999786376952,116.27999877929688,116.22000122070312,116.22000122070312,116.22000122070312,33247,116.23917368064363
2022-08-02 12:59:00-04:00,116.21499633789062,116.26000213623048,116.1999969482422,116.22000122070312,116.22000122070312,28537,116.23368065417876
2022-08-02 13:00:00-04:00,116.23999786376952,116.27999877929688,116.18000030517578,116.20279693603516,116.20279693603516,35394,116.22913983152361
2022-08-02 13:01:00-04:00,116.1999969482422,116.1999969482422,116.02999877929688,116.02999877929688,116.02999877929688,100400,116.13989573796184
2022-08-02 13:02:00-04:00,116.05590057373048,116.05999755859376,116.0,116.0250015258789,116.0250015258789,31951,116.1038843812219
2022-08-02 13:03:00-04:00,116.04000091552734,116.16999816894533,116.03500366210938,116.16000366210938,116.16000366210938,34333,116.08269337555123
2022-08-02 13:04:00-04:00,116.1614990234375,116.18000030517578,116.12000274658205,116.13999938964844,116.13999938964844,24131,116.09535747482309
2022-08-02 13:05:00-04:00,116.13999938964844,116.1500015258789,116.05999755859376,116.06999969482422,116.06999969482422,19039,116.1224912982699
2022-08-02 13:06:00-04:00,116.05999755859376,116.08000183105467,115.98999786376952,116.04000091552734,116.04000091552734,31314,116.08678890672351
2022-08-02 13:07:00-04:00,116.04000091552734,116.13999938964844,116.01000213623048,116.12999725341795,116.12999725341795,28229,116.07075217145734
2022-08-02 13:08:00-04:00,116.13999938964844,116.18000030517578,116.12000274658205,116.18000030517578,116.18000030517578,32793,116.09779282452952
2022-08-02 13:09:00-04:00,116.16999816894533,116.19000244140624,116.12999725341795,116.13330078125,116.13330078125,29321,116.13628083667687
2022-08-02 13:10:00-04:00,116.12000274658205,116.23999786376952,116.12000274658205,116.22969818115234,116.22969818115234,31064,116.16939040189101
2022-08-02 13:11:00-04:00,116.22000122070312,116.26000213623048,116.20999908447266,116.2300033569336,116.2300033569336,38804,116.19751049057486
2022-08-02 13:12:00-04:00,116.22000122070312,116.2699966430664,116.19000244140624,116.21499633789062,116.21499633789062,28544,116.21931082329341
2022-08-02 13:13:00-04:00,116.20999908447266,116.2699966430664,116.16999816894533,116.26000213623048,116.26000213623048,36659,116.23104609975672
2022-08-02 13:14:00-04:00,116.2699966430664,116.31999969482422,116.23999786376952,116.26139831542967,116.26139831542967,36786,116.2455955252802
2022-08-02 13:15:00-04:00,116.26000213623048,116.29000091552734,116.20040130615234,116.25,116.25,22115,116.25202683089128
2022-08-02 13:16:00-04:00,116.23999786376952,116.31999969482422,116.23999786376952,116.26000213623048,116.26000213623048,42544,116.26771791207355
2022-08-02 13:17:00-04:00,116.2699966430664,116.29000091552734,116.20999908447266,116.27999877929688,116.27999877929688,25709,116.26304684093934
2022-08-02 13:18:00-04:00,116.2699966430664,116.2699966430664,116.19000244140624,116.19000244140624,116.19000244140624,20294,116.25647466543101
2022-08-02 13:19:00-04:00,116.1999969482422,116.22000122070312,116.13999938964844,116.13999938964844,116.13999938964844,17852,116.2201347823619
2022-08-02 13:20:00-04:00,116.16000366210938,116.16999816894533,116.0999984741211,116.12999725341795,116.12999725341795,27963,116.16791541390536
2022-08-02 13:21:00-04:00,116.12000274658205,116.16000366210938,116.05999755859376,116.08000183105467,116.08000183105467,19750,116.13236782632828
2022-08-02 13:22:00-04:00,116.08000183105467,116.12000274658205,116.05999755859376,116.08999633789062,116.08999633789062,23717,116.10972793869637
2022-08-02 13:23:00-04:00,116.08000183105467,116.08000183105467,116.01000213623048,116.03610229492188,116.03610229492188,22431,116.07667030978895
2022-08-02 13:24:00-04:00,116.02770233154295,116.03810119628906,115.9000015258789,115.91010284423828,115.91010284423828,36268,116.01507360801149
2022-08-02 13:25:00-04:00,115.9000015258789,116.01000213623048,115.86000061035156,115.93000030517578,115.93000030517578,85021,115.95435445893291
2022-08-02 13:26:00-04:00,115.92009735107422,116.04000091552734,115.9001007080078,116.0,116.0,39112,115.94835450661292
2022-08-02 13:27:00-04:00,115.98999786376952,116.0500030517578,115.91000366210938,115.93000030517578,115.93000030517578,31200,115.9511190649709
2022-08-02 13:28:00-04:00,115.9000015258789,115.9000015258789,115.55999755859376,115.61000061035156,115.61000061035156,51030,115.85376747298477
2022-08-02 13:29:00-04:00,115.5500030517578,115.70999908447266,115.54000091552734,115.6500015258789,115.6500015258789,42413,115.73913782599946
2022-08-02 13:30:00-04:00,115.62999725341795,115.62999725341795,115.38999938964844,115.44989776611328,115.44989776611328,53939,115.6004837399428
2022-08-02 13:31:00-04:00,115.43000030517578,115.4800033569336,115.37999725341795,115.4000015258789,115.4000015258789,39351,115.51448566186617
2022-08-02 13:32:00-04:00,115.4000015258789,115.41999816894533,115.20999908447266,115.33999633789062,115.33999633789062,57267,115.4082963076953
2022-08-02 13:33:00-04:00,115.31999969482422,115.3499984741211,115.2300033569336,115.33999633789062,115.33999633789062,21851,115.35236741832864
2022-08-02 13:34:00-04:00,115.33499908447266,115.33499908447266,115.16999816894533,115.1791000366211,115.1791000366211,27156,115.29555315816168
2022-08-02 13:35:00-04:00,115.16000366210938,115.29000091552734,115.11000061035156,115.2300033569336,115.2300033569336,38889,115.23960318970013
2022-08-02 13:36:00-04:00,115.22000122070312,115.22000122070312,114.9800033569336,115.08000183105467,115.08000183105467,115580,115.13845514404694
2022-08-02 13:37:00-04:00,115.0500030517578,115.16999816894533,114.93000030517578,115.13999938964844,115.13999938964844,61911,115.11048758102737
2022-08-02 13:38:00-04:00,115.12999725341795,115.12999725341795,115.0,115.0199966430664,115.0199966430664,28374,115.08335167104536
2022-08-02 13:39:00-04:00,115.0000991821289,115.08000183105467,114.93499755859376,115.0031967163086,115.0031967163086,55554,115.04599890068967
2022-08-02 13:40:00-04:00,115.0199966430664,115.08000183105467,114.87000274658205,115.05999755859376,115.05999755859376,68871,115.01299234160244
2022-08-02 13:41:00-04:00,115.06990051269533,115.08000183105467,114.93000030517578,114.98999786376952,114.98999786376952,35827,115.00353552237452
2022-08-02 13:42:00-04:00,114.9800033569336,115.05989837646484,114.9000015258789,114.9800033569336,114.9800033569336,68148,114.9934303453895
2022-08-02 13:43:00-04:00,114.93000030517578,115.08000183105467,114.93000030517578,115.03179931640624,115.03179931640624,25827,114.99225521288966
2022-08-02 13:44:00-04:00,115.0,115.04000091552734,114.93000030517578,114.98729705810548,114.98729705810548,20631,114.98866596344754
2022-08-02 13:45:00-04:00,114.9749984741211,115.01000213623048,114.81999969482422,114.83999633789062,114.83999633789062,54033,114.94151263287259
2022-08-02 13:46:00-04:00,114.85150146484376,114.86000061035156,114.66000366210938,114.8000030517578,114.8000030517578,76231,114.84415545066717
2022-08-02 13:47:00-04:00,114.79000091552734,114.9000015258789,114.7750015258789,114.8499984741211,114.8499984741211,35712,114.82601770514484
2022-08-02 13:48:00-04:00,114.85700225830078,114.93000030517578,114.79000091552734,114.81999969482422,114.81999969482422,17938,114.80225198257753
2022-08-02 13:49:00-04:00,114.81999969482422,114.87999725341795,114.76000213623048,114.8000030517578,114.8000030517578,28464,114.8329380308966
2022-08-02 13:50:00-04:00,114.80999755859376,114.89839935302734,114.7300033569336,114.7699966430664,114.7699966430664,30009,114.815712973699
2022-08-02 13:51:00-04:00,114.77999877929688,114.78399658203124,114.6999969482422,114.73999786376952,114.73999786376952,30111,114.78416117486695
2022-08-02 13:52:00-04:00,114.73999786376952,114.8499984741211,114.71499633789062,114.8000030517578,114.8000030517578,25314,114.77567762629442
2022-08-02 13:53:00-04:00,114.7699966430664,114.87000274658205,114.7300033569336,114.83480072021484,114.83480072021484,21673,114.77651702629652
2022-08-02 13:54:00-04:00,114.8499984741211,114.88999938964844,114.81999969482422,114.87999725341795,114.87999725341795,18513,114.81723015988585
2022-08-02 13:55:00-04:00,114.86000061035156,114.91000366210938,114.79499816894533,114.8249969482422,114.8249969482422,21949,114.83822383359296
2022-08-02 13:56:00-04:00,114.8249969482422,114.91999816894533,114.77999877929688,114.91999816894533,114.91999816894533,19192,114.85919073154776
2022-08-02 13:57:00-04:00,114.92990112304688,114.94259643554688,114.83999633789062,114.86000061035156,114.86000061035156,20767,114.86522272994888
2022-08-02 13:58:00-04:00,114.86990356445312,114.91500091552734,114.81999969482422,114.86000061035156,114.86000061035156,16562,114.87365812888144
2022-08-02 13:59:00-04:00,114.83000183105467,114.9749984741211,114.81999969482422,114.91000366210938,114.91000366210938,18137,114.88292987432722
2022-08-02 14:00:00-04:00,114.91000366210938,114.91000366210938,114.7300033569336,114.7300033569336,114.7300033569336,37952,114.83497663356879
2022-08-02 14:01:00-04:00,114.76000213623048,114.9499969482422,114.74500274658205,114.83999633789062,114.83999633789062,35214,114.83339577120486
2022-08-02 14:02:00-04:00,114.86000061035156,114.94000244140624,114.75,114.7699966430664,114.7699966430664,26347,114.81740603393095
2022-08-02 14:03:00-04:00,114.8000030517578,114.91000366210938,114.8000030517578,114.83999633789062,114.83999633789062,20675,114.83824707455673
2022-08-02 14:04:00-04:00,114.83999633789062,114.94000244140624,114.83999633789062,114.91999816894533,114.91999816894533,14495,114.84893262425288
2022-08-02 14:05:00-04:00,114.93000030517578,114.97000122070312,114.87999725341795,114.97000122070312,114.97000122070312,24306,114.89896586545996
2022-08-02 14:06:00-04:00,114.98989868164062,115.0500030517578,114.93710327148438,115.03949737548828,115.03949737548828,24941,114.95785035087924
2022-08-02 14:07:00-04:00,115.04540252685548,115.13999938964844,115.02999877929688,115.125,115.125,26229,115.01778023215208
2022-08-02 14:08:00-04:00,115.0999984741211,115.2300033569336,115.08999633789062,115.20999908447266,115.20999908447266,26601,115.09643494940877
2022-08-02 14:09:00-04:00,115.20999908447266,115.30999755859376,115.19000244140624,115.29640197753906,115.29640197753906,23882,115.17752840289637
2022-08-02 14:10:00-04:00,115.29000091552734,115.3000030517578,115.20999908447266,115.25,115.25,21574,115.22905225790105
2022-08-02 14:11:00-04:00,115.24500274658205,115.25,115.16999816894533,115.17610168457033,115.17610168457033,17965,115.24242701935249
2022-08-02 14:12:00-04:00,115.16999816894533,115.2781982421875,115.16999816894533,115.2781982421875,115.2781982421875,17404,115.23267356538912
2022-08-02 14:13:00-04:00,115.27999877929688,115.29000091552734,115.1999969482422,115.2519989013672,115.2519989013672,21477,115.23037077331541
2022-08-02 14:14:00-04:00,115.25,115.2699966430664,115.16999816894533,115.2300033569336,115.2300033569336,38292,115.23425121461527
2022-08-02 14:15:00-04:00,115.2300033569336,115.3000030517578,115.20999908447266,115.25,115.25,40001,115.24052747940756
2022-08-02 14:16:00-04:00,115.24009704589844,115.25,115.11000061035156,115.13999938964844,115.13999938964844,21716,115.22302797860405
2022-08-02 14:17:00-04:00,115.16000366210938,115.29000091552734,115.16000366210938,115.23570251464844,115.23570251464844,23228,115.22440579116285
2022-08-02 14:18:00-04:00,115.22000122070312,115.2699966430664,115.16999816894533,115.20999908447266,115.20999908447266,15986,115.20338315426898
2022-08-02 14:19:00-04:00,115.1999969482422,115.23999786376952,115.18000030517578,115.21499633789062,115.21499633789062,19114,115.2197669031025
2022-08-02 14:20:00-04:00,115.22000122070312,115.2300033569336,115.1500015258789,115.19000244140624,115.19000244140624,15460,115.20662183982932
2022-08-02 14:21:00-04:00,115.20999908447266,115.23500061035156,115.19000244140624,115.20999908447266,115.20999908447266,12888,115.20460934198482
2022-08-02 14:22:00-04:00,115.21700286865234,115.2699966430664,115.1999969482422,115.20999908447266,115.20999908447266,15270,115.20923860885695
2022-08-02 14:23:00-04:00,115.22000122070312,115.37999725341795,115.19000244140624,115.30999755859376,115.30999755859376,34129,115.26009077310326
2022-08-02 14:24:00-04:00,115.33000183105467,115.3499984741211,115.1999969482422,115.23999786376952,115.23999786376952,21749,115.26985288132349
2022-08-02 14:25:00-04:00,115.26000213623048,115.30989837646484,115.23999786376952,115.3000030517578,115.3000030517578,18521,115.28206461121351
2022-08-02 14:26:00-04:00,115.3000030517578,115.3499984741211,115.2699966430664,115.33000183105467,115.33000183105467,21366,115.28781979991813
2022-08-02 14:27:00-04:00,115.30999755859376,115.33999633789062,115.20999908447266,115.26499938964844,115.26499938964844,41188,115.2861820367984
2022-08-02 14:28:00-04:00,115.25749969482422,115.33000183105467,115.25749969482422,115.30799865722656,115.30799865722656,27439,115.29053100662475
2022-08-02 14:29:00-04:00,115.3000030517578,115.3499984741211,115.27999877929688,115.30999755859376,115.30999755859376,45331,115.29470079814406
2022-08-02 14:30:00-04:00,115.31680297851562,115.36000061035156,115.3000030517578,115.33350372314452,115.33350372314452,27168,115.31410855727266
2022-08-02 14:31:00-04:00,115.33499908447266,115.37999725341795,115.2300033569336,115.37999725341795,115.37999725341795,28058,115.32280157365989
2022-08-02 14:32:00-04:00,115.3730010986328,115.4499969482422,115.36000061035156,115.41999816894533,115.41999816894533,20905,115.35238395830196
2022-08-02 14:33:00-04:00,115.43000030517578,115.48999786376952,115.4000015258789,115.4000015258789,115.4000015258789,18964,115.38253810761523
2022-08-02 14:34:00-04:00,115.4001007080078,115.41999816894533,115.37999725341795,115.41000366210938,115.41000366210938,13114,115.4155079053034
2022-08-02 14:35:00-04:00,115.41000366210938,115.41999816894533,115.33000183105467,115.37999725341795,115.37999725341795,25823,115.40017400062678
2022-08-02 14:36:00-04:00,115.37999725341795,115.4000015258789,115.31610107421876,115.3249969482422,115.3249969482422,13720,115.37558623337218
2022-08-02 14:37:00-04:00,115.33000183105467,115.33999633789062,115.2699966430664,115.30889892578124,115.30889892578124,26016,115.34253978209941
2022-08-02 14:38:00-04:00,115.3102035522461,115.3290023803711,115.2300033569336,115.26000213623048,115.26000213623048,19698,115.3046662109334
2022-08-02 14:39:00-04:00,115.26000213623048,115.33999633789062,115.2300033569336,115.30999755859376,115.30999755859376,24449,115.29243220209817
2022-08-02 14:40:00-04:00,115.31999969482422,115.4000015258789,115.31999969482422,115.36000061035156,115.36000061035156,26919,115.31295058692811
2022-08-02 14:41:00-04:00,115.36000061035156,115.44000244140624,115.3499984741211,115.3499984741211,115.3499984741211,32753,115.34841090868375
2022-08-02 14:42:00-04:00,115.3499984741211,115.41999816894533,115.33000183105467,115.3949966430664,115.3949966430664,31732,115.37468820758072
2022-08-02 14:43:00-04:00,115.41000366210938,115.45999908447266,115.38999938964844,115.44499969482422,115.44499969482422,27573,115.39604893291654
2022-08-02 14:44:00-04:00,115.4499969482422,115.50990295410156,115.4355010986328,115.45999908447266,115.45999908447266,20249,115.42108934859945
2022-08-02 14:45:00-04:00,115.4800033569336,115.4800033569336,115.37999725341795,115.4000015258789,115.4000015258789,16399,115.44029091039641
2022-08-02 14:46:00-04:00,115.38999938964844,115.45259857177734,115.37000274658205,115.41000366210938,115.41000366210938,25920,115.43190291230408
2022-08-02 14:47:00-04:00,115.41000366210938,115.41000366210938,115.22000122070312,115.23999786376952,115.23999786376952,33988,115.35899524061423
2022-08-02 14:48:00-04:00,115.23500061035156,115.33000183105467,115.16000366210938,115.32959747314452,115.32959747314452,21200,115.32423582273161
2022-08-02 14:49:00-04:00,115.3249969482422,115.4749984741211,115.3249969482422,115.41999816894533,115.41999816894533,41435,115.33634390256452
2022-08-02 14:50:00-04:00,115.41999816894533,115.50990295410156,115.41000366210938,115.43000030517578,115.43000030517578,33172,115.39212559185961
2022-08-02 14:51:00-04:00,115.41999816894533,115.44000244140624,115.2699966430664,115.31999969482422,115.31999969482422,34374,115.39987008405652
2022-08-02 14:52:00-04:00,115.30999755859376,115.31999969482422,115.12000274658205,115.3000030517578,115.3000030517578,24494,115.3560407974264
2022-08-02 14:53:00-04:00,115.33000183105467,115.33000183105467,115.18000030517578,115.2699966430664,115.2699966430664,25036,115.29024806933167
2022-08-02 14:54:00-04:00,115.2699966430664,115.36000061035156,115.26000213623048,115.3000030517578,115.3000030517578,20747,115.26913074588755
2022-08-02 14:55:00-04:00,115.29000091552734,115.3000030517578,115.22000122070312,115.25499725341795,115.25499725341795,36417,115.27104071494156
2022-08-02 14:56:00-04:00,115.26000213623048,115.27999877929688,115.13999938964844,115.1750030517578,115.1750030517578,30064,115.24915053104253
2022-08-02 14:57:00-04:00,115.16999816894533,115.26840209960938,115.12999725341795,115.2249984741211,115.2249984741211,34877,115.22314829049716
2022-08-02 14:58:00-04:00,115.2323989868164,115.26000213623048,115.08000183105467,115.09500122070312,115.09500122070312,41102,115.18077555316678
2022-08-02 14:59:00-04:00,115.11000061035156,115.2300033569336,115.11000061035156,115.22000122070312,115.22000122070312,21896,115.17670056313449
2022-08-02 15:00:00-04:00,115.2300033569336,115.29000091552734,115.18000030517578,115.23999786376952,115.23999786376952,27353,115.18285007651822
2022-08-02 15:01:00-04:00,115.25,115.32630157470705,115.2300033569336,115.32630157470705,115.32630157470705,32754,115.2462973796191
2022-08-02 15:02:00-04:00,115.3000030517578,115.37000274658205,115.29000091552734,115.29000091552734,115.29000091552734,25073,115.28233921594116
2022-08-02 15:03:00-04:00,115.30999755859376,115.30999755859376,115.2061996459961,115.2699966430664,115.2699966430664,24635,115.29143218986133
2022-08-02 15:04:00-04:00,115.2699966430664,115.33000183105467,115.1999969482422,115.30999755859376,115.30999755859376,24819,115.28640724982101
2022-08-02 15:05:00-04:00,115.3000030517578,115.33499908447266,115.1999969482422,115.3000030517578,115.3000030517578,36050,115.27412936448349
2022-08-02 15:06:00-04:00,115.30999755859376,115.37000274658205,115.3000030517578,115.30999755859376,115.30999755859376,23671,115.29235567213685
2022-08-02 15:07:00-04:00,115.33499908447266,115.43000030517578,115.33000183105467,115.38999938964844,115.38999938964844,33392,115.32827577749399
2022-08-02 15:08:00-04:00,115.3949966430664,115.4000015258789,115.25,115.2699966430664,115.2699966430664,32715,115.34045553294868
2022-08-02 15:09:00-04:00,115.25,115.3000030517578,115.22000122070312,115.27999877929688,115.27999877929688,24999,115.32379084926758
2022-08-02 15:10:00-04:00,115.27999877929688,115.36000061035156,115.1500015258789,115.2249984741211,115.2249984741211,27841,115.27491153207785
2022-08-02 15:11:00-04:00,115.23999786376952,115.29000091552734,115.19000244140624,115.1999969482422,115.1999969482422,25365,115.2459801633506
2022-08-02 15:12:00-04:00,115.1864013671875,115.29000091552734,115.1864013671875,115.24500274658205,115.24500274658205,26859,115.23767179756236
2022-08-02 15:13:00-04:00,115.23999786376952,115.33999633789062,115.1999969482422,115.31999969482422,115.31999969482422,26999,115.25179293856394
2022-08-02 15:14:00-04:00,115.31999969482422,115.41500091552734,115.31999969482422,115.37999725341795,115.37999725341795,36521,115.30728379069436
2022-08-02 15:15:00-04:00,115.38999938964844,115.5,115.38999938964844,115.43379974365234,115.43379974365234,54874,115.38454071748107
2022-08-02 15:16:00-04:00,115.44000244140624,115.44000244140624,115.33000183105467,115.33999633789062,115.33999633789062,22848,115.40476377712075
2022-08-02 15:17:00-04:00,115.36000061035156,115.38999938964844,115.1999969482422,115.1999969482422,115.1999969482422,46966,115.36118491023623
2022-08-02 15:18:00-04:00,115.1999969482422,115.25,115.04000091552734,115.05999755859376,115.05999755859376,45656,115.22644741478689
2022-08-02 15:19:00-04:00,115.06999969482422,115.18669891357422,115.06999969482422,115.12000274658205,115.12000274658205,31864,115.17427814368982
2022-08-02 15:20:00-04:00,115.12000274658205,115.12000274658205,115.0,115.05999755859376,115.05999755859376,49083,115.09693740087397
2022-08-02 15:21:00-04:00,115.07990264892578,115.26000213623048,115.06500244140624,115.16999816894533,115.16999816894533,50656,115.11629174128484
2022-08-02 15:22:00-04:00,115.15899658203124,115.22000122070312,115.11000061035156,115.12000274658205,115.12000274658205,33901,115.12263149580039
2022-08-02 15:23:00-04:00,115.12000274658205,115.13999938964844,115.05999755859376,115.08280181884766,115.08280181884766,33861,115.14048065150506
2022-08-02 15:24:00-04:00,115.08999633789062,115.18000030517578,115.08000183105467,115.11000061035156,115.11000061035156,33002,115.12253809191648
2022-08-02 15:25:00-04:00,115.12000274658205,115.23999786376952,115.0999984741211,115.1999969482422,115.1999969482422,36125,115.13365290828933
2022-08-02 15:26:00-04:00,115.19000244140624,115.26000213623048,115.18000030517578,115.18000030517578,115.18000030517578,38118,115.1720401970519
2022-08-02 15:27:00-04:00,115.19000244140624,115.31999969482422,115.18000030517578,115.31999969482422,115.31999969482422,29361,115.21626106197805
2022-08-02 15:28:00-04:00,115.30999755859376,115.36000061035156,115.23999786376952,115.33499908447266,115.33499908447266,54101,115.26948944083856
2022-08-02 15:29:00-04:00,115.33499908447266,115.38999938964844,115.33000183105467,115.36180114746094,115.36180114746094,32743,115.31576888228571
2022-08-02 15:30:00-04:00,115.3301010131836,115.44000244140624,115.30999755859376,115.36000061035156,115.36000061035156,55702,115.34570129842554
2022-08-02 15:31:00-04:00,115.3499984741211,115.37999725341795,115.29000091552734,115.3000030517578,115.3000030517578,50174,115.35088876749984
2022-08-02 15:32:00-04:00,115.29000091552734,115.3000030517578,115.23999786376952,115.29000091552734,115.29000091552734,39632,115.32848761537454
2022-08-02 15:33:00-04:00,115.27999877929688,115.33999633789062,115.2699966430664,115.30999755859376,115.30999755859376,29724,115.30371530888635
2022-08-02 15:34:00-04:00,115.31999969482422,115.43000030517578,115.31999969482422,115.43000030517578,115.43000030517578,52637,115.33431455747333
2022-08-02 15:35:00-04:00,115.43499755859376,115.47000122070312,115.38500213623048,115.39779663085938,115.39779663085938,56484,115.38465106022704
2022-08-02 15:36:00-04:00,115.37999725341795,115.61000061035156,115.37999725341795,115.58999633789062,115.58999633789062,109055,115.4662613337185
2022-08-02 15:37:00-04:00,115.58999633789062,115.5999984741211,115.5,115.5,115.5,45128,115.49885071908542
2022-08-02 15:38:00-04:00,115.48999786376952,115.5199966430664,115.4000015258789,115.47000122070312,115.47000122070312,28500,115.51843171214105
2022-08-02 15:39:00-04:00,115.45999908447266,115.46499633789062,115.41000366210938,115.44000244140624,115.44000244140624,29801,115.48667234367375
2022-08-02 15:40:00-04:00,115.44499969482422,115.45999908447266,115.36990356445312,115.38999938964844,115.38999938964844,31406,115.43517827960217
2022-08-02 15:41:00-04:00,115.3949966430664,115.42359924316406,115.33999633789062,115.37000274658205,115.37000274658205,44827,115.40338144184196
2022-08-02 15:42:00-04:00,115.3499984741211,115.37000274658205,115.28500366210938,115.33000183105467,115.33000183105467,48403,115.36587986746709
2022-08-02 15:43:00-04:00,115.3499984741211,115.38249969482422,115.3000030517578,115.3000030517578,115.3000030517578,43865,115.34426439793722
2022-08-02 15:44:00-04:00,115.29499816894533,115.37999725341795,115.27999877929688,115.36000061035156,115.36000061035156,51363,115.33225199353541
2022-08-02 15:45:00-04:00,115.3499984741211,115.38999938964844,115.28009796142578,115.33999633789062,115.33999633789062,50062,115.33508847747949
2022-08-02 15:46:00-04:00,115.3499984741211,115.36000061035156,115.29000091552734,115.3000030517578,115.3000030517578,36249,115.33265567880055
2022-08-02 15:47:00-04:00,115.29000091552734,115.36000061035156,115.26000213623048,115.27230072021484,115.27230072021484,77146,115.31372505601118
2022-08-02 15:48:00-04:00,115.27999877929688,115.3000030517578,115.16999816894533,115.1884994506836,115.1884994506836,51858,115.27719695860503
2022-08-02 15:49:00-04:00,115.18000030517578,115.2300033569336,115.12000274658205,115.18000030517578,115.18000030517578,56625,115.23882364637434
2022-08-02 15:50:00-04:00,115.16999816894533,115.3499984741211,115.16999816894533,115.22000122070312,115.22000122070312,81565,115.21839757406428
2022-08-02 15:51:00-04:00,115.1999969482422,115.30999755859376,115.1999969482422,115.2083969116211,115.2083969116211,49405,115.22364076277691
2022-08-02 15:52:00-04:00,115.20999908447266,115.33999633789062,115.19000244140624,115.19499969482422,115.19499969482422,51816,115.24330195733866
2022-08-02 15:53:00-04:00,115.1999969482422,115.26000213623048,115.19000244140624,115.19000244140624,115.19000244140624,83155,115.22829875296945
2022-08-02 15:54:00-04:00,115.19000244140624,115.30999755859376,115.13999938964844,115.23999786376952,115.23999786376952,66822,115.22612799243426
2022-08-02 15:55:00-04:00,115.23999786376952,115.37000274658205,115.20999908447266,115.31999969482422,115.31999969482422,114042,115.25498744536199
2022-08-02 15:56:00-04:00,115.33000183105467,115.37000274658205,115.22000122070312,115.22000122070312,115.22000122070312,99226,115.2726723340425
2022-08-02 15:57:00-04:00,115.22000122070312,115.23999786376952,115.15499877929688,115.15499877929688,115.15499877929688,124104,115.24826025939181
2022-08-02 15:58:00-04:00,115.16000366210938,115.20999908447266,115.11000061035156,115.13500213623048,115.13500213623048,145437,115.1941644344382
2022-08-02 15:59:00-04:00,115.13999938964844,115.25,115.11000061035156,115.12999725341795,115.12999725341795,337849,115.16462570532761
